<?xml version="1.0" encoding="UTF-8"?>
<project-private xmlns="http://www.netbeans.org/ns/project-private/1">
    <editor-bookmarks xmlns="http://www.netbeans.org/ns/editor-bookmarks/2" lastBookmarkId="0"/>
    <open-files xmlns="http://www.netbeans.org/ns/projectui-open-files/2">
        <group>
            <file>file:/C:/Users/vikra/OneDrive/Documents/NetBeansProjects/WebApplication1/src/java/dateandtime.java</file>
            <file>file:/C:/Users/vikra/OneDrive/Documents/NetBeansProjects/WebApplication1/src/java/login.java</file>
            <file>file:/C:/Users/vikra/OneDrive/Documents/NetBeansProjects/WebApplication1/web/forward.xhtml</file>
            <file>file:/C:/Users/vikra/OneDrive/Documents/NetBeansProjects/WebApplication1/web/viewEmail.xhtml</file>
            <file>file:/C:/Users/vikra/OneDrive/Documents/NetBeansProjects/WebApplication1/web/reply.xhtml</file>
            <file>file:/C:/Users/vikra/OneDrive/Documents/NetBeansProjects/WebApplication1/web/register.xhtml</file>
            <file>file:/C:/Users/vikra/OneDrive/Documents/NetBeansProjects/WebApplication1/web/delete.xhtml</file>
            <file>file:/C:/Users/vikra/OneDrive/Documents/NetBeansProjects/WebApplication1/src/java/composeemail.java</file>
            <file>file:/C:/Users/vikra/OneDrive/Documents/NetBeansProjects/WebApplication1/web/sentmail.xhtml</file>
            <file>file:/C:/Users/vikra/OneDrive/Documents/NetBeansProjects/WebApplication1/src/java/forwardemail.java</file>
            <file>file:/C:/Users/vikra/OneDrive/Documents/NetBeansProjects/WebApplication1/web/successlogin.xhtml</file>
            <file>file:/C:/Users/vikra/OneDrive/Documents/NetBeansProjects/WebApplication1/src/java/delete.java</file>
            <file>file:/C:/Users/vikra/OneDrive/Documents/NetBeansProjects/WebApplication1/web/confirm1.xhtml</file>
            <file>file:/C:/Users/vikra/OneDrive/Documents/NetBeansProjects/WebApplication1/web/login.xhtml</file>
            <file>file:/C:/Users/vikra/OneDrive/Documents/NetBeansProjects/WebApplication1/web/successmesaagesent.xhtml</file>
            <file>file:/C:/Users/vikra/OneDrive/Documents/NetBeansProjects/WebApplication1/web/loginnotOk.xhtml</file>
            <file>file:/C:/Users/vikra/OneDrive/Documents/NetBeansProjects/WebApplication1/web/email_va.xhtml</file>
            <file>file:/C:/Users/vikra/OneDrive/Documents/NetBeansProjects/WebApplication1/web/trash.xhtml</file>
            <file>file:/C:/Users/vikra/OneDrive/Documents/NetBeansProjects/WebApplication1/src/java/login_account.java</file>
            <file>file:/C:/Users/vikra/OneDrive/Documents/NetBeansProjects/WebApplication1/web/composeemail.xhtml</file>
            <file>file:/C:/Users/vikra/OneDrive/Documents/NetBeansProjects/WebApplication1/src/java/replyemail.java</file>
            <file>file:/C:/Users/vikra/OneDrive/Documents/NetBeansProjects/WebApplication1/src/java/Register.java</file>
            <file>file:/C:/Users/vikra/OneDrive/Documents/NetBeansProjects/WebApplication1/web/viewemail1.xhtml</file>
            <file>file:/C:/Users/vikra/OneDrive/Documents/NetBeansProjects/WebApplication1/web/index.xhtml</file>
            <file>file:/C:/Users/vikra/OneDrive/Documents/NetBeansProjects/WebApplication1/src/java/welcome.java</file>
        </group>
    </open-files>
</project-private>
